"","Breast","CRC","GBM","Lung","Pancreas","average"
"Accuracy",0.944444444444444,0.894736842105263,0.842105263157895,0.826086956521739,0.944444444444444,0.890363590134757
"Kappa",0.886075949367089,0.791208791208791,0.670520231213873,0.648854961832061,0.886075949367089,0.776547176597781
"AccuracyLower",0.727056400326632,0.668623335543234,0.604215448733326,0.612188110045203,0.727056400326632,0.667827938995005
"AccuracyUpper",0.998594443832631,0.986987835628223,0.966173750998235,0.950492354694207,0.998594443832631,0.980168565797185
"AccuracyNull",0.611111111111111,0.578947368421053,0.578947368421053,0.521739130434783,0.611111111111111,0.580371217899822
"AccuracyPValue",0.00175991269068038,0.00325405117340831,0.0147768580321714,0.00249088839748405,0.00175991269068038,0.0048083245968849
"McnemarPValue",1,0.479500122186953,1,0.617075077451974,1,0.819315039927785
