"","Breast","CRC","GBM","Hepatobiliary","Lung","Pancreas","average"
"Accuracy",0.833333333333333,0.789473684210526,0.789473684210526,0.692307692307692,0.782608695652174,0.888888888888889,0.79601432976719
"Kappa",0.674698795180723,0.595744680851064,0.582417582417582,0.35,0.559386973180077,0.777777777777778,0.590004301567871
"AccuracyLower",0.585822508605226,0.544346918108494,0.544346918108494,0.385738338249295,0.562969273763186,0.652879561391328,0.54601725303767
"AccuracyUpper",0.964214916878425,0.93947546229071,0.93947546229071,0.909079605427903,0.925396592351196,0.986248784335636,0.943981803929097
"AccuracyNull",0.611111111111111,0.578947368421053,0.578947368421053,0.846153846153846,0.521739130434783,0.611111111111111,0.624668322608826
"AccuracyPValue",0.040229669765633,0.0482977507122094,0.0482977507122094,0.962307016647013,0.00940056606702674,0.0105150987836006,0.186507975447949
"McnemarPValue",0.248213078989924,0.133614402537715,0.617075077451974,0.133614402537715,0.371093369522698,0.479500122186953,0.330518408871163
