"","Breast","CRC","GBM","Hepatobiliary","Lung","Pancreas","average"
"Accuracy",0.777777777777778,0.736842105263158,0.736842105263158,0.846153846153846,0.695652173913043,0.888888888888889,0.780359482876645
"Kappa",0.576470588235294,0.50261780104712,0.46927374301676,0.580645161290323,0.373540856031128,0.777777777777778,0.546720987899734
"AccuracyLower",0.52362723426352,0.487970654654127,0.487970654654127,0.545528944323442,0.470808333991493,0.652879561391328,0.528130897213006
"AccuracyUpper",0.935907952282333,0.908534215092333,0.908534215092333,0.980793328017472,0.8678971203019,0.986248784335636,0.931319269187001
"AccuracyNull",0.611111111111111,0.578947368421053,0.578947368421053,0.846153846153846,0.521739130434783,0.611111111111111,0.624668322608826
"AccuracyPValue",0.111139441427301,0.121434243832292,0.121434243832292,0.677305881877834,0.0707033908673444,0.0105150987836006,0.185422050103444
"McnemarPValue",0.133614402537715,0.0736382701203028,1,0.479500122186953,0.0233422020128909,0.479500122186953,0.364932519840802
