"","Breast","CRC","GBM","Hepatobiliary","Lung","Pancreas","average"
"Accuracy",0.777777777777778,0.789473684210526,0.789473684210526,0.923076923076923,0.782608695652174,0.666666666666667,0.788179571932432
"Kappa",0.576470588235294,0.595744680851064,0.568181818181818,0.754716981132076,0.555984555984556,0.393258426966292,0.574059508558517
"AccuracyLower",0.52362723426352,0.544346918108494,0.544346918108494,0.639702564732123,0.562969273763186,0.409925238172074,0.537486357857982
"AccuracyUpper",0.935907952282333,0.93947546229071,0.93947546229071,0.998054371502653,0.925396592351196,0.866572597493876,0.934147073035246
"AccuracyNull",0.611111111111111,0.578947368421053,0.578947368421053,0.846153846153846,0.521739130434783,0.611111111111111,0.624668322608826
"AccuracyPValue",0.111139441427301,0.0482977507122094,0.0482977507122094,0.383398461647119,0.00940056606702674,0.411695294536509,0.168704877517062
"McnemarPValue",0.133614402537715,0.133614402537715,1,1,0.0736382701203028,0.0412268333371636,0.397015651422149
