"","Breast","CRC","GBM","Hepatobiliary","Lung","Pancreas","average"
"Accuracy",0.833333333333333,0.736842105263158,0.842105263157895,0.846153846153846,0.869565217391304,0.611111111111111,0.789851812735108
"Kappa",0.674698795180723,0.50261780104712,0.670520231213873,0.580645161290323,0.735632183908046,0.307692307692308,0.578634413388732
"AccuracyLower",0.585822508605226,0.487970654654127,0.604215448733326,0.545528944323442,0.664110862462879,0.357451205893063,0.540849937445344
"AccuracyUpper",0.964214916878425,0.908534215092333,0.966173750998235,0.980793328017472,0.972248492577207,0.827014145210248,0.936496474795653
"AccuracyNull",0.611111111111111,0.578947368421053,0.578947368421053,0.846153846153846,0.521739130434783,0.611111111111111,0.624668322608826
"AccuracyPValue",0.040229669765633,0.121434243832292,0.0147768580321714,0.677305881877834,0.000507248875127303,0.601739875657096,0.242665629673359
"McnemarPValue",0.248213078989924,0.0736382701203028,1,0.479500122186953,0.248213078989924,0.0233422020128909,0.345484458716666
