"","Breast","CRC","GBM","Lung","Pancreas","average"
"Accuracy",0.833333333333333,0.842105263157895,0.947368421052632,0.91304347826087,0.777777777777778,0.862725654716502
"Kappa",0.674698795180723,0.691891891891892,0.890173410404624,0.82442748091603,0.576470588235294,0.731532433325713
"AccuracyLower",0.585822508605226,0.604215448733326,0.739719345804786,0.719620664090589,0.52362723426352,0.634601040299489
"AccuracyUpper",0.964214916878425,0.966173750998235,0.998668371195821,0.989290033962124,0.935907952282333,0.970851005063388
"AccuracyNull",0.611111111111111,0.578947368421053,0.578947368421053,0.521739130434783,0.611111111111111,0.580371217899822
"AccuracyPValue",0.040229669765633,0.0147768580321714,0.000458075979737858,7.4454797522194e-05,0.111139441427301,0.0333357000004731
"McnemarPValue",0.248213078989924,0.248213078989924,1,0.479500122186953,0.133614402537715,0.421908136540903
