"","Breast","CRC","GBM","Hepatobiliary","Lung","Pancreas","average"
"Accuracy",0.944444444444444,0.842105263157895,0.894736842105263,0.692307692307692,0.782608695652174,0.888888888888889,0.840848637759393
"Kappa",0.886075949367089,0.691891891891892,0.791208791208791,0.35,0.559386973180077,0.777777777777778,0.676056897237605
"AccuracyLower",0.727056400326632,0.604215448733326,0.668623335543234,0.385738338249295,0.562969273763186,0.652879561391328,0.600247059667833
"AccuracyUpper",0.998594443832631,0.966173750998235,0.986987835628223,0.909079605427903,0.925396592351196,0.986248784335636,0.962080168762304
"AccuracyNull",0.611111111111111,0.578947368421053,0.578947368421053,0.846153846153846,0.521739130434783,0.611111111111111,0.624668322608826
"AccuracyPValue",0.00175991269068038,0.0147768580321714,0.00325405117340831,0.962307016647013,0.00940056606702674,0.0105150987836006,0.16700225056565
"McnemarPValue",1,0.248213078989924,0.479500122186953,0.133614402537715,0.371093369522698,0.479500122186953,0.451986849237374
