"","Breast","CRC","GBM","Hepatobiliary","Lung","Pancreas","average"
"Accuracy",0.777777777777778,0.736842105263158,0.789473684210526,0.692307692307692,0.782608695652174,0.722222222222222,0.750205362905592
"Kappa",0.576470588235294,0.50261780104712,0.582417582417582,0.35,0.559386973180077,0.482758620689655,0.508941927594955
"AccuracyLower",0.52362723426352,0.487970654654127,0.544346918108494,0.385738338249295,0.562969273763186,0.465198034416944,0.494975075575928
"AccuracyUpper",0.935907952282333,0.908534215092333,0.93947546229071,0.909079605427903,0.925396592351196,0.903050787474441,0.920240769153153
"AccuracyNull",0.611111111111111,0.578947368421053,0.578947368421053,0.846153846153846,0.521739130434783,0.611111111111111,0.624668322608826
"AccuracyPValue",0.111139441427301,0.121434243832292,0.0482977507122094,0.962307016647013,0.00940056606702674,0.237487761842637,0.248344463421413
"McnemarPValue",0.133614402537715,0.0736382701203028,0.617075077451974,0.133614402537715,0.371093369522698,0.0736382701203028,0.233778965381785
