"","Breast","CRC","GBM","Hepatobiliary","Lung","Pancreas","average"
"Accuracy",0.944444444444444,0.894736842105263,0.894736842105263,0.846153846153846,0.91304347826087,0.944444444444444,0.906259982919022
"Kappa",0.88,0.791208791208791,0.776470588235294,0,0.82442748091603,0.886075949367089,0.693030468287867
"AccuracyLower",0.727056400326632,0.668623335543234,0.668623335543234,0.545528944323442,0.719620664090589,0.727056400326632,0.676084846692294
"AccuracyUpper",0.998594443832631,0.986987835628223,0.986987835628223,0.980793328017472,0.989290033962124,0.998594443832631,0.990207986816884
"AccuracyNull",0.611111111111111,0.578947368421053,0.578947368421053,0.846153846153846,0.521739130434783,0.611111111111111,0.624668322608826
"AccuracyPValue",0.00175991269068038,0.00325405117340831,0.00325405117340831,0.677305881877834,7.4454797522194e-05,0.00175991269068038,0.114568044067256
"McnemarPValue",1,0.479500122186953,0.479500122186953,0.479500122186953,0.479500122186953,1,0.653000081457969
