"","Breast","CRC","GBM","Hepatobiliary","Lung","Pancreas","average"
"Accuracy",0.944444444444444,0.894736842105263,0.894736842105263,1,0.956521739130435,0.944444444444444,0.939147385371641
"Kappa",0.886075949367089,0.784090909090909,0.791208791208791,1,0.913207547169811,0.886075949367089,0.876776524367281
"AccuracyLower",0.727056400326632,0.668623335543234,0.668623335543234,0.752947361999529,0.78051339254652,0.727056400326632,0.72080337104763
"AccuracyUpper",0.998594443832631,0.986987835628223,0.986987835628223,1,0.998899831369559,0.998594443832631,0.995010731715211
"AccuracyNull",0.611111111111111,0.578947368421053,0.578947368421053,0.846153846153846,0.521739130434783,0.611111111111111,0.624668322608826
"AccuracyPValue",0.00175991269068038,0.00325405117340831,0.00325405117340831,0.11398332643563,7.00636984347578e-06,0.00175991269068038,0.0206697100889418
"McnemarPValue",1,1,0.479500122186953,NA,1,1,NA
