"","Breast","CRC","GBM","Hepatobiliary","Lung","Pancreas","average"
"Accuracy",1,0.947368421052632,0.894736842105263,1,0.91304347826087,1,0.959191456903127
"Kappa",1,0.893854748603352,0.784090909090909,1,0.825757575757576,1,0.917283872241973
"AccuracyLower",0.814698031862148,0.739719345804786,0.668623335543234,0.752947361999529,0.719620664090589,0.814698031862148,0.751717795193739
"AccuracyUpper",1,0.998668371195821,0.986987835628223,1,0.989290033962124,1,0.995824373464361
"AccuracyNull",0.611111111111111,0.578947368421053,0.578947368421053,0.846153846153846,0.521739130434783,0.611111111111111,0.624668322608826
"AccuracyPValue",0.000141306858375797,0.000458075979737858,0.00325405117340831,0.11398332643563,7.4454797522194e-05,0.000141306858375797,0.0196754203505083
"McnemarPValue",NA,1,1,NA,1,NA,NA
