"","Breast","CRC","GBM","Hepatobiliary","Lung","Pancreas","average"
"Accuracy",0.888888888888889,0.842105263157895,0.947368421052632,0.846153846153846,0.826086956521739,1,0.891767229295834
"Kappa",0.766233766233766,0.691891891891892,0.890173410404624,0,0.651515151515151,1,0.666635703340905
"AccuracyLower",0.652879561391328,0.604215448733326,0.739719345804786,0.545528944323442,0.612188110045203,0.814698031862148,0.661538240360039
"AccuracyUpper",0.986248784335636,0.966173750998235,0.998668371195821,0.980793328017472,0.950492354694207,1,0.980396098206895
"AccuracyNull",0.611111111111111,0.578947368421053,0.578947368421053,0.846153846153846,0.521739130434783,0.611111111111111,0.624668322608826
"AccuracyPValue",0.0105150987836006,0.0147768580321714,0.000458075979737858,0.677305881877834,0.00249088839748405,0.000141306858375797,0.117614684988201
"McnemarPValue",1,0.248213078989924,1,0.479500122186953,1,NA,NA
