"","Breast","CRC","GBM","Hepatobiliary","Lung","Pancreas","average"
"Accuracy",0.944444444444444,0.894736842105263,0.736842105263158,1,0.739130434782609,0.833333333333333,0.858081193321468
"Kappa",0.886075949367089,0.776470588235294,0.431137724550898,1,0.477272727272727,0.64,0.701826164904335
"AccuracyLower",0.727056400326632,0.668623335543234,0.487970654654127,0.752947361999529,0.515948029597562,0.585822508605226,0.623061381787718
"AccuracyUpper",0.998594443832631,0.986987835628223,0.908534215092333,1,0.897713866084642,0.964214916878425,0.959340879586042
"AccuracyNull",0.611111111111111,0.578947368421053,0.578947368421053,0.846153846153846,0.521739130434783,0.611111111111111,0.624668322608826
"AccuracyPValue",0.00175991269068038,0.00325405117340831,0.121434243832292,0.11398332643563,0.0284021796582691,0.040229669765633,0.0515105639259855
"McnemarPValue",1,0.479500122186953,0.371093369522698,NA,1,1,NA
