"","Breast","CRC","GBM","Hepatobiliary","Lung","Pancreas","average"
"Accuracy",0.944444444444444,0.842105263157895,0.789473684210526,0.923076923076923,0.869565217391304,0.888888888888889,0.876259070194997
"Kappa",0.886075949367089,0.681564245810056,0.536585365853659,0.628571428571429,0.737642585551331,0.753424657534246,0.703977372114635
"AccuracyLower",0.727056400326632,0.604215448733326,0.544346918108494,0.639702564732123,0.664110862462879,0.652879561391328,0.63871862595913
"AccuracyUpper",0.998594443832631,0.966173750998235,0.93947546229071,0.998054371502653,0.972248492577207,0.986248784335636,0.976799217589512
"AccuracyNull",0.611111111111111,0.578947368421053,0.578947368421053,0.846153846153846,0.521739130434783,0.611111111111111,0.624668322608826
"AccuracyPValue",0.00175991269068038,0.0147768580321714,0.0482977507122094,0.383398461647119,0.000507248875127303,0.0105150987836006,0.0765425551234847
"McnemarPValue",1,1,0.133614402537715,1,1,0.479500122186953,0.768852420787445
