"","Breast","CRC","GBM","Hepatobiliary","Lung","Pancreas","average"
"Accuracy",0.944444444444444,0.894736842105263,0.789473684210526,1,0.869565217391304,0.944444444444444,0.90711077209933
"Kappa",0.88,0.776470588235294,0.552941176470588,1,0.741573033707865,0.88,0.805164133068958
"AccuracyLower",0.727056400326632,0.668623335543234,0.544346918108494,0.752947361999529,0.664110862462879,0.727056400326632,0.6806902131279
"AccuracyUpper",0.998594443832631,0.986987835628223,0.93947546229071,1,0.972248492577207,0.998594443832631,0.9826501130269
"AccuracyNull",0.611111111111111,0.578947368421053,0.578947368421053,0.846153846153846,0.521739130434783,0.611111111111111,0.624668322608826
"AccuracyPValue",0.00175991269068038,0.00325405117340831,0.0482977507122094,0.11398332643563,0.000507248875127303,0.00175991269068038,0.0282603670962893
"McnemarPValue",1,0.479500122186953,0.617075077451974,NA,0.248213078989924,1,NA
