"","Breast","CRC","GBM","Hepatobiliary","Lung","Pancreas","average"
"Accuracy",0.888888888888889,1,0.684210526315789,1,0.956521739130435,0.888888888888889,0.903085007204
"Kappa",0.753424657534246,1,0.278481012658228,1,0.91254752851711,0.753424657534246,0.782979642707305
"AccuracyLower",0.652879561391328,0.823533088193035,0.434498431153849,0.752947361999529,0.78051339254652,0.652879561391328,0.682875232779265
"AccuracyUpper",0.986248784335636,1,0.874239364127017,1,0.998899831369559,0.986248784335636,0.974272794027975
"AccuracyNull",0.611111111111111,0.578947368421053,0.578947368421053,0.846153846153846,0.521739130434783,0.611111111111111,0.624668322608826
"AccuracyPValue",0.0105150987836006,3.09131029270947e-05,0.245544656399705,0.11398332643563,7.00636984347578e-06,0.0105150987836006,0.0634326833125511
"McnemarPValue",0.479500122186953,NA,0.0412268333371636,NA,1,0.479500122186953,NA
