"","Breast","CRC","GBM","Hepatobiliary","Lung","average"
"Accuracy",0.888888888888889,1,0.842105263157895,0.923076923076923,0.869565217391304,0.904727258503002
"Kappa",0.766233766233766,1,0.670520231213873,0.628571428571429,0.737642585551331,0.76059360231408
"AccuracyLower",0.652879561391328,0.823533088193035,0.604215448733326,0.639702564732123,0.664110862462879,0.676888305102538
"AccuracyUpper",0.986248784335636,1,0.966173750998235,0.998054371502653,0.972248492577207,0.984545079882746
"AccuracyNull",0.611111111111111,0.578947368421053,0.578947368421053,0.846153846153846,0.521739130434783,0.627379764908369
"AccuracyPValue",0.0105150987836006,3.09131029270947e-05,0.0147768580321714,0.383398461647119,0.000507248875127303,0.0818457160881891
"McnemarPValue",1,NA,1,1,1,NA
