"","Breast","CRC","GBM","Hepatobiliary","Lung","average"
"Accuracy",0.944444444444444,0.894736842105263,0.842105263157895,0.846153846153846,0.826086956521739,0.870705470476637
"Kappa",0.886075949367089,0.791208791208791,0.670520231213873,0.580645161290323,0.648854961832061,0.715461018982427
"AccuracyLower",0.727056400326632,0.668623335543234,0.604215448733326,0.545528944323442,0.612188110045203,0.631522447794368
"AccuracyUpper",0.998594443832631,0.986987835628223,0.966173750998235,0.980793328017472,0.950492354694207,0.976608342634154
"AccuracyNull",0.611111111111111,0.578947368421053,0.578947368421053,0.846153846153846,0.521739130434783,0.627379764908369
"AccuracyPValue",0.00175991269068038,0.00325405117340831,0.0147768580321714,0.677305881877834,0.00249088839748405,0.139917518434316
"McnemarPValue",1,0.479500122186953,1,0.479500122186953,0.617075077451974,0.715215064365176
