"","Breast","CRC","GBM","Hepatobiliary","Lung","Pancreas","average"
"Accuracy",0.944444444444444,0.894736842105263,0.894736842105263,0.923076923076923,0.826086956521739,0.944444444444444,0.904587742116346
"Kappa",0.88,0.784090909090909,0.784090909090909,0.628571428571429,0.651515151515151,0.886075949367089,0.769057391272581
"AccuracyLower",0.727056400326632,0.668623335543234,0.668623335543234,0.639702564732123,0.612188110045203,0.727056400326632,0.67387502441951
"AccuracyUpper",0.998594443832631,0.986987835628223,0.986987835628223,0.998054371502653,0.950492354694207,0.998594443832631,0.986618547519761
"AccuracyNull",0.611111111111111,0.578947368421053,0.578947368421053,0.846153846153846,0.521739130434783,0.611111111111111,0.624668322608826
"AccuracyPValue",0.00175991269068038,0.00325405117340831,0.00325405117340831,0.383398461647119,0.00249088839748405,0.00175991269068038,0.0659862129621301
"McnemarPValue",1,1,1,1,1,1,1
