"","Breast","CRC","GBM","Hepatobiliary","Lung","Pancreas","average"
"Accuracy",0.833333333333333,0.947368421052632,0.894736842105263,0.846153846153846,0.869565217391304,0.888888888888889,0.880007758154211
"Kappa",0.658227848101266,0.893854748603352,0.776470588235294,0.409090909090909,0.741573033707865,0.766233766233766,0.707575148995409
"AccuracyLower",0.585822508605226,0.739719345804786,0.668623335543234,0.545528944323442,0.664110862462879,0.652879561391328,0.642780759688482
"AccuracyUpper",0.964214916878425,0.998668371195821,0.986987835628223,0.980793328017472,0.972248492577207,0.986248784335636,0.981526954772131
"AccuracyNull",0.611111111111111,0.578947368421053,0.578947368421053,0.846153846153846,0.521739130434783,0.611111111111111,0.624668322608826
"AccuracyPValue",0.040229669765633,0.000458075979737858,0.00325405117340831,0.677305881877834,0.000507248875127303,0.0105150987836006,0.122045004409224
"McnemarPValue",1,1,0.479500122186953,1,0.248213078989924,1,0.787952200196146
