"","Breast","CRC","GBM","Hepatobiliary","Lung","Pancreas","average"
"Accuracy",0.888888888888889,1,0.947368421052632,1,0.956521739130435,0.944444444444444,0.956203915586067
"Kappa",0.766233766233766,1,0.893854748603352,1,0.91254752851711,0.886075949367089,0.90978533212022
"AccuracyLower",0.652879561391328,0.823533088193035,0.739719345804786,0.752947361999529,0.78051339254652,0.727056400326632,0.746108191710305
"AccuracyUpper",0.986248784335636,1,0.998668371195821,1,0.998899831369559,0.998594443832631,0.997068571788941
"AccuracyNull",0.611111111111111,0.578947368421053,0.578947368421053,0.846153846153846,0.521739130434783,0.611111111111111,0.624668322608826
"AccuracyPValue",0.0105150987836006,3.09131029270947e-05,0.000458075979737858,0.11398332643563,7.00636984347578e-06,0.00175991269068038,0.0211257222270699
"McnemarPValue",1,NA,1,NA,1,1,NA
