"","Breast","CRC","GBM","Hepatobiliary","Lung","Pancreas","average"
"Accuracy",0.833333333333333,1,0.842105263157895,1,0.826086956521739,0.944444444444444,0.907661666242902
"Kappa",0.64,1,0.670520231213873,1,0.654135338345865,0.886075949367089,0.808455253154471
"AccuracyLower",0.585822508605226,0.823533088193035,0.604215448733326,0.752947361999529,0.612188110045203,0.727056400326632,0.684293819650492
"AccuracyUpper",0.964214916878425,1,0.966173750998235,1,0.950492354694207,0.998594443832631,0.979912577733916
"AccuracyNull",0.611111111111111,0.578947368421053,0.578947368421053,0.846153846153846,0.521739130434783,0.611111111111111,0.624668322608826
"AccuracyPValue",0.040229669765633,3.09131029270947e-05,0.0147768580321714,0.11398332643563,0.00249088839748405,0.00175991269068038,0.028878594737421
"McnemarPValue",1,NA,1,NA,0.617075077451974,1,NA
