"","Breast","CRC","GBM","Hepatobiliary","Lung","Pancreas","average"
"Accuracy",0.833333333333333,0.842105263157895,0.894736842105263,0.846153846153846,0.652173913043478,0.833333333333333,0.816972755187858
"Kappa",0.674698795180723,0.691891891891892,0.776470588235294,0.580645161290323,0.28125,0.674698795180723,0.613275871963159
"AccuracyLower",0.585822508605226,0.604215448733326,0.668623335543234,0.545528944323442,0.427343963036494,0.585822508605226,0.569559451474491
"AccuracyUpper",0.964214916878425,0.966173750998235,0.986987835628223,0.980793328017472,0.83623640162505,0.964214916878425,0.949770191670972
"AccuracyNull",0.611111111111111,0.578947368421053,0.578947368421053,0.846153846153846,0.521739130434783,0.611111111111111,0.624668322608826
"AccuracyPValue",0.040229669765633,0.0147768580321714,0.00325405117340831,0.677305881877834,0.148255611417316,0.040229669765633,0.154008623671999
"McnemarPValue",0.248213078989924,0.248213078989924,0.479500122186953,0.479500122186953,0.0133283287808176,0.248213078989924,0.286161301687416
