"","Breast","CRC","GBM","Hepatobiliary","Lung","Pancreas","average"
"Accuracy",0.944444444444444,1,0.842105263157895,0.846153846153846,0.869565217391304,0.833333333333333,0.88926701741347
"Kappa",0.886075949367089,1,0.670520231213873,0,0.737642585551331,0.64,0.655706461022049
"AccuracyLower",0.727056400326632,0.823533088193035,0.604215448733326,0.545528944323442,0.664110862462879,0.585822508605226,0.658377875440757
"AccuracyUpper",0.998594443832631,1,0.966173750998235,0.980793328017472,0.972248492577207,0.964214916878425,0.980337488717328
"AccuracyNull",0.611111111111111,0.578947368421053,0.578947368421053,0.846153846153846,0.521739130434783,0.611111111111111,0.624668322608826
"AccuracyPValue",0.00175991269068038,3.09131029270947e-05,0.0147768580321714,0.677305881877834,0.000507248875127303,0.040229669765633,0.122435080724062
"McnemarPValue",1,NA,1,0.479500122186953,1,1,NA
