"","Breast","CRC","GBM","Hepatobiliary","Lung","Pancreas","average"
"Accuracy",0.944444444444444,0.894736842105263,0.894736842105263,0.769230769230769,0.826086956521739,0.944444444444444,0.87894671647532
"Kappa",0.886075949367089,0.791208791208791,0.791208791208791,0.450704225352113,0.648854961832061,0.886075949367089,0.742354778055989
"AccuracyLower",0.727056400326632,0.668623335543234,0.668623335543234,0.461868460765959,0.612188110045203,0.727056400326632,0.644236007091816
"AccuracyUpper",0.998594443832631,0.986987835628223,0.986987835628223,0.949618926508848,0.950492354694207,0.998594443832631,0.978545973354127
"AccuracyNull",0.611111111111111,0.578947368421053,0.578947368421053,0.846153846153846,0.521739130434783,0.611111111111111,0.624668322608826
"AccuracyPValue",0.00175991269068038,0.00325405117340831,0.00325405117340831,0.873244162031645,0.00249088839748405,0.00175991269068038,0.147627163026218
"McnemarPValue",1,0.479500122186953,0.479500122186953,0.248213078989924,0.617075077451974,1,0.637381400135967
