"","Breast","CRC","GBM","Hepatobiliary","Lung","Pancreas","average"
"Accuracy",1,0.947368421052632,0.842105263157895,1,0.826086956521739,0.888888888888889,0.917408254936859
"Kappa",1,0.890173410404624,0.681564245810056,1,0.651515151515151,0.753424657534246,0.82944624421068
"AccuracyLower",0.814698031862148,0.739719345804786,0.604215448733326,0.752947361999529,0.612188110045203,0.652879561391328,0.696107976639387
"AccuracyUpper",1,0.998668371195821,0.966173750998235,1,0.950492354694207,0.986248784335636,0.983597210203983
"AccuracyNull",0.611111111111111,0.578947368421053,0.578947368421053,0.846153846153846,0.521739130434783,0.611111111111111,0.624668322608826
"AccuracyPValue",0.000141306858375797,0.000458075979737858,0.0147768580321714,0.11398332643563,0.00249088839748405,0.0105150987836006,0.0237275924145
"McnemarPValue",NA,1,1,NA,1,0.479500122186953,NA
