"","Breast","CRC","GBM","Hepatobiliary","Lung","Pancreas","average"
"Accuracy",0.888888888888889,0.947368421052632,0.842105263157895,0.846153846153846,0.826086956521739,0.944444444444444,0.882507970036574
"Kappa",0.766233766233766,0.893854748603352,0.658682634730539,0.580645161290323,0.651515151515151,0.886075949367089,0.739501235290037
"AccuracyLower",0.652879561391328,0.739719345804786,0.604215448733326,0.545528944323442,0.612188110045203,0.727056400326632,0.646931301770786
"AccuracyUpper",0.986248784335636,0.998668371195821,0.966173750998235,0.980793328017472,0.950492354694207,0.998594443832631,0.980161838845667
"AccuracyNull",0.611111111111111,0.578947368421053,0.578947368421053,0.846153846153846,0.521739130434783,0.611111111111111,0.624668322608826
"AccuracyPValue",0.0105150987836006,0.000458075979737858,0.0147768580321714,0.677305881877834,0.00249088839748405,0.00175991269068038,0.117884452626918
"McnemarPValue",1,1,0.248213078989924,0.479500122186953,1,1,0.787952200196146
