"","Breast","CRC","GBM","Hepatobiliary","Lung","Pancreas","average"
"Accuracy",0.833333333333333,1,0.842105263157895,1,0.869565217391304,0.944444444444444,0.914908043054496
"Kappa",0.658227848101266,1,0.681564245810056,1,0.741573033707865,0.886075949367089,0.827906846164379
"AccuracyLower",0.585822508605226,0.823533088193035,0.604215448733326,0.752947361999529,0.664110862462879,0.727056400326632,0.692947611720105
"AccuracyUpper",0.964214916878425,1,0.966173750998235,1,0.972248492577207,0.998594443832631,0.983538600714416
"AccuracyNull",0.611111111111111,0.578947368421053,0.578947368421053,0.846153846153846,0.521739130434783,0.611111111111111,0.624668322608826
"AccuracyPValue",0.040229669765633,3.09131029270947e-05,0.0147768580321714,0.11398332643563,0.000507248875127303,0.00175991269068038,0.0285479881503615
"McnemarPValue",1,NA,1,NA,0.248213078989924,1,NA
