"","Breast","CRC","GBM","Hepatobiliary","Lung","Pancreas","average"
"Accuracy",0.888888888888889,0.894736842105263,1,1,0.869565217391304,1,0.942198491397576
"Kappa",0.777777777777778,0.784090909090909,1,1,0.739622641509434,1,0.88358188806302
"AccuracyLower",0.652879561391328,0.668623335543234,0.823533088193035,0.752947361999529,0.664110862462879,0.814698031862148,0.729465373575359
"AccuracyUpper",0.986248784335636,0.986987835628223,1,1,0.972248492577207,1,0.990914185423511
"AccuracyNull",0.611111111111111,0.578947368421053,0.578947368421053,0.846153846153846,0.521739130434783,0.611111111111111,0.624668322608826
"AccuracyPValue",0.0105150987836006,0.00325405117340831,3.09131029270947e-05,0.11398332643563,0.000507248875127303,0.000141306858375797,0.0214053242048449
"McnemarPValue",0.479500122186953,1,NA,NA,1,NA,NA
