"","Breast","CRC","GBM","Hepatobiliary","Lung","Pancreas","average"
"Accuracy",0.833333333333333,0.736842105263158,0.736842105263158,1,0.782608695652174,0.666666666666667,0.792715484363082
"Kappa",0.674698795180723,0.50261780104712,0.46927374301676,1,0.555984555984556,0.393258426966292,0.599305553699242
"AccuracyLower",0.585822508605226,0.487970654654127,0.487970654654127,0.752947361999529,0.562969273763186,0.409925238172074,0.547934281974712
"AccuracyUpper",0.964214916878425,0.908534215092333,0.908534215092333,1,0.925396592351196,0.866572597493876,0.928875422818027
"AccuracyNull",0.611111111111111,0.578947368421053,0.578947368421053,0.846153846153846,0.521739130434783,0.611111111111111,0.624668322608826
"AccuracyPValue",0.040229669765633,0.121434243832292,0.121434243832292,0.11398332643563,0.00940056606702674,0.411695294536509,0.136362890744897
"McnemarPValue",0.248213078989924,0.0736382701203028,1,NA,0.0736382701203028,0.0412268333371636,NA
