"","Breast","CRC","GBM","Hepatobiliary","Lung","Pancreas","average"
"Accuracy",0.833333333333333,0.736842105263158,0.736842105263158,0.923076923076923,0.782608695652174,0.722222222222222,0.789154230801828
"Kappa",0.674698795180723,0.50261780104712,0.46927374301676,0.754716981132076,0.555984555984556,0.482758620689655,0.573341749508482
"AccuracyLower",0.585822508605226,0.487970654654127,0.487970654654127,0.639702564732123,0.562969273763186,0.465198034416944,0.538272281804289
"AccuracyUpper",0.964214916878425,0.908534215092333,0.908534215092333,0.998054371502653,0.925396592351196,0.903050787474441,0.934630849731897
"AccuracyNull",0.611111111111111,0.578947368421053,0.578947368421053,0.846153846153846,0.521739130434783,0.611111111111111,0.624668322608826
"AccuracyPValue",0.040229669765633,0.121434243832292,0.121434243832292,0.383398461647119,0.00940056606702674,0.237487761842637,0.152230824497833
"McnemarPValue",0.248213078989924,0.0736382701203028,1,1,0.0736382701203028,0.0736382701203028,0.411521314891805
