"","Breast","CRC","GBM","Hepatobiliary","Lung","Pancreas","average"
"Accuracy",0.611111111111111,0.473684210526316,0.736842105263158,0.923076923076923,0.565217391304348,0.555555555555556,0.644247882806235
"Kappa",0.307692307692308,0.0776699029126214,0.486486486486486,0.754716981132076,0.0944881889763779,0.225806451612903,0.324476719802129
"AccuracyLower",0.357451205893063,0.244474689466196,0.487970654654127,0.639702564732123,0.344946607452375,0.307571658998756,0.397019563532773
"AccuracyUpper",0.827014145210248,0.711356752083001,0.908534215092333,0.998054371502653,0.768085800461769,0.7846984926127,0.832957296160451
"AccuracyNull",0.611111111111111,0.578947368421053,0.578947368421053,0.846153846153846,0.521739130434783,0.611111111111111,0.624668322608826
"AccuracyPValue",0.601739875657096,0.876811127505714,0.121434243832292,0.383398461647119,0.418790788196961,0.76802888413761,0.528367230162799
"McnemarPValue",0.0233422020128909,0.00442652585791983,0.371093369522698,1,0.00442652585791983,0.0133283287808176,0.236102825338708
