"","Breast","CRC","GBM","Hepatobiliary","Lung","Pancreas","average"
"Accuracy",0.833333333333333,1,0.842105263157895,0.846153846153846,0.869565217391304,0.722222222222222,0.852229980376433
"Kappa",0.674698795180723,1,0.658682634730539,0.409090909090909,0.737642585551331,0.482758620689655,0.660478924207193
"AccuracyLower",0.585822508605226,0.823533088193035,0.604215448733326,0.545528944323442,0.664110862462879,0.465198034416944,0.614734814455809
"AccuracyUpper",0.964214916878425,1,0.966173750998235,0.980793328017472,0.972248492577207,0.903050787474441,0.964413545990963
"AccuracyNull",0.611111111111111,0.578947368421053,0.578947368421053,0.846153846153846,0.521739130434783,0.611111111111111,0.624668322608826
"AccuracyPValue",0.040229669765633,3.09131029270947e-05,0.0147768580321714,0.677305881877834,0.000507248875127303,0.237487761842637,0.161723055582722
"McnemarPValue",0.248213078989924,NA,0.248213078989924,1,1,0.0736382701203028,NA
