"","Breast","CRC","GBM","Hepatobiliary","Lung","Pancreas","average"
"Accuracy",0.777777777777778,0.894736842105263,0.842105263157895,0.923076923076923,0.91304347826087,0.888888888888889,0.873271528877936
"Kappa",0.555555555555556,0.776470588235294,0.681564245810056,0.628571428571429,0.82442748091603,0.777777777777778,0.707394512811024
"AccuracyLower",0.52362723426352,0.668623335543234,0.604215448733326,0.639702564732123,0.719620664090589,0.652879561391328,0.634778134792353
"AccuracyUpper",0.935907952282333,0.986987835628223,0.966173750998235,0.998054371502653,0.989290033962124,0.986248784335636,0.977110454784867
"AccuracyNull",0.611111111111111,0.578947368421053,0.578947368421053,0.846153846153846,0.521739130434783,0.611111111111111,0.624668322608826
"AccuracyPValue",0.111139441427301,0.00325405117340831,0.0147768580321714,0.383398461647119,7.4454797522194e-05,0.0105150987836006,0.0871930609768538
"McnemarPValue",0.617075077451974,0.479500122186953,1,1,0.479500122186953,0.479500122186953,0.675929240668805
