"","Breast","CRC","GBM","Hepatobiliary","Lung","Pancreas","average"
"Accuracy",0.722222222222222,0.947368421052632,1,0.769230769230769,0.869565217391304,0.833333333333333,0.856953327205043
"Kappa",0.430379746835443,0.893854748603352,1,-0.114285714285714,0.737642585551331,0.658227848101266,0.60096986913428
"AccuracyLower",0.465198034416944,0.739719345804786,0.823533088193035,0.461868460765959,0.664110862462879,0.585822508605226,0.623375383374805
"AccuracyUpper",0.903050787474441,0.998668371195821,1,0.949618926508848,0.972248492577207,0.964214916878425,0.964633582439124
"AccuracyNull",0.611111111111111,0.578947368421053,0.578947368421053,0.846153846153846,0.521739130434783,0.611111111111111,0.624668322608826
"AccuracyPValue",0.237487761842637,0.000458075979737858,3.09131029270947e-05,0.873244162031645,0.000507248875127303,0.040229669765633,0.191992971932951
"McnemarPValue",1,1,NA,1,1,1,NA
