"","Breast","CRC","GBM","Hepatobiliary","Lung","Pancreas","average"
"Accuracy",0.722222222222222,0.842105263157895,0.947368421052632,0.923076923076923,0.826086956521739,0.888888888888889,0.85829144582005
"Kappa",0.366197183098591,0.691891891891892,0.890173410404624,0.754716981132076,0.651515151515151,0.777777777777778,0.688712065970019
"AccuracyLower",0.465198034416944,0.604215448733326,0.739719345804786,0.639702564732123,0.612188110045203,0.652879561391328,0.618983844187285
"AccuracyUpper",0.903050787474441,0.966173750998235,0.998668371195821,0.998054371502653,0.950492354694207,0.986248784335636,0.967114736700165
"AccuracyNull",0.611111111111111,0.578947368421053,0.578947368421053,0.846153846153846,0.521739130434783,0.611111111111111,0.624668322608826
"AccuracyPValue",0.237487761842637,0.0147768580321714,0.000458075979737858,0.383398461647119,0.00249088839748405,0.0105150987836006,0.108187857447125
"McnemarPValue",0.371093369522698,0.248213078989924,1,1,1,0.479500122186953,0.683134428449929
