"","Breast","CRC","GBM","Hepatobiliary","Lung","Pancreas","average"
"Accuracy",1,0.894736842105263,1,1,0.826086956521739,0.888888888888889,0.934952114585982
"Kappa",1,0.784090909090909,1,1,0.654135338345865,0.766233766233766,0.867410002278423
"AccuracyLower",0.814698031862148,0.668623335543234,0.823533088193035,0.752947361999529,0.612188110045203,0.652879561391328,0.720811581505746
"AccuracyUpper",1,0.986987835628223,1,1,0.950492354694207,0.986248784335636,0.987288162443011
"AccuracyNull",0.611111111111111,0.578947368421053,0.578947368421053,0.846153846153846,0.521739130434783,0.611111111111111,0.624668322608826
"AccuracyPValue",0.000141306858375797,0.00325405117340831,3.09131029270947e-05,0.11398332643563,0.00249088839748405,0.0105150987836006,0.0217359307919043
"McnemarPValue",NA,1,NA,NA,0.617075077451974,1,NA
