"","Breast","CRC","GBM","Hepatobiliary","Lung","Pancreas","average"
"Accuracy",0.944444444444444,0.842105263157895,0.947368421052632,0.923076923076923,0.91304347826087,0.944444444444444,0.919080495739535
"Kappa",0.886075949367089,0.681564245810056,0.890173410404624,0.628571428571429,0.82442748091603,0.886075949367089,0.799481410739386
"AccuracyLower",0.727056400326632,0.604215448733326,0.739719345804786,0.639702564732123,0.719620664090589,0.727056400326632,0.692895137335681
"AccuracyUpper",0.998594443832631,0.966173750998235,0.998668371195821,0.998054371502653,0.989290033962124,0.998594443832631,0.991562569220683
"AccuracyNull",0.611111111111111,0.578947368421053,0.578947368421053,0.846153846153846,0.521739130434783,0.611111111111111,0.624668322608826
"AccuracyPValue",0.00175991269068038,0.0147768580321714,0.000458075979737858,0.383398461647119,7.4454797522194e-05,0.00175991269068038,0.0670379459729852
"McnemarPValue",1,1,1,1,0.479500122186953,1,0.913250020364492
