"","Breast","CRC","GBM","Hepatobiliary","Lung","Pancreas","average"
"Accuracy",1,0.842105263157895,0.894736842105263,1,0.91304347826087,1,0.941647597254005
"Kappa",1,0.670520231213873,0.776470588235294,1,0.82442748091603,1,0.878569716727533
"AccuracyLower",0.814698031862148,0.604215448733326,0.668623335543234,0.752947361999529,0.719620664090589,0.814698031862148,0.729133812348496
"AccuracyUpper",1,0.966173750998235,0.986987835628223,1,0.989290033962124,1,0.99040860343143
"AccuracyNull",0.611111111111111,0.578947368421053,0.578947368421053,0.846153846153846,0.521739130434783,0.611111111111111,0.624668322608826
"AccuracyPValue",0.000141306858375797,0.0147768580321714,0.00325405117340831,0.11398332643563,7.4454797522194e-05,0.000141306858375797,0.0220618840259139
"McnemarPValue",NA,1,0.479500122186953,NA,0.479500122186953,NA,NA
