"","Breast","CRC","GBM","Hepatobiliary","Lung","Pancreas","average"
"Accuracy",0.944444444444444,0.947368421052632,0.842105263157895,0.923076923076923,0.869565217391304,0.944444444444444,0.91183411892794
"Kappa",0.88,0.893854748603352,0.658682634730539,0.754716981132076,0.739622641509434,0.886075949367089,0.802158825890415
"AccuracyLower",0.727056400326632,0.739719345804786,0.604215448733326,0.639702564732123,0.664110862462879,0.727056400326632,0.683643503731063
"AccuracyUpper",0.998594443832631,0.998668371195821,0.966173750998235,0.998054371502653,0.972248492577207,0.998594443832631,0.988722312323196
"AccuracyNull",0.611111111111111,0.578947368421053,0.578947368421053,0.846153846153846,0.521739130434783,0.611111111111111,0.624668322608826
"AccuracyPValue",0.00175991269068038,0.000458075979737858,0.0147768580321714,0.383398461647119,0.000507248875127303,0.00175991269068038,0.0671100783192527
"McnemarPValue",1,1,0.248213078989924,1,1,1,0.874702179831654
