"","Breast","CRC","GBM","Hepatobiliary","Lung","Pancreas","average"
"Accuracy",0.833333333333333,0.789473684210526,0.842105263157895,0.769230769230769,0.826086956521739,0.777777777777778,0.80633463070534
"Kappa",0.674698795180723,0.595744680851064,0.681564245810056,0.450704225352113,0.646153846153846,0.576470588235294,0.604222730263849
"AccuracyLower",0.585822508605226,0.544346918108494,0.604215448733326,0.461868460765959,0.612188110045203,0.52362723426352,0.555344780086955
"AccuracyUpper",0.964214916878425,0.93947546229071,0.966173750998235,0.949618926508848,0.950492354694207,0.935907952282333,0.950980560608793
"AccuracyNull",0.611111111111111,0.578947368421053,0.578947368421053,0.846153846153846,0.521739130434783,0.611111111111111,0.624668322608826
"AccuracyPValue",0.040229669765633,0.0482977507122094,0.0147768580321714,0.873244162031645,0.00249088839748405,0.111139441427301,0.181696461727741
"McnemarPValue",0.248213078989924,0.133614402537715,1,0.248213078989924,0.133614402537715,0.133614402537715,0.316211560932166
