"","Breast","CRC","GBM","Hepatobiliary","Lung","Pancreas","average"
"Accuracy",0.833333333333333,0.736842105263158,0.947368421052632,0.615384615384615,0.782608695652174,0.611111111111111,0.754441380299504
"Kappa",0.674698795180723,0.50261780104712,0.890173410404624,0.269662921348315,0.555984555984556,0.307692307692308,0.533471631942941
"AccuracyLower",0.585822508605226,0.487970654654127,0.739719345804786,0.315777602914063,0.562969273763186,0.357451205893063,0.508285098605742
"AccuracyUpper",0.964214916878425,0.908534215092333,0.998668371195821,0.861420661109839,0.925396592351196,0.827014145210248,0.91420815030631
"AccuracyNull",0.611111111111111,0.578947368421053,0.578947368421053,0.846153846153846,0.521739130434783,0.611111111111111,0.624668322608826
"AccuracyPValue",0.040229669765633,0.121434243832292,0.000458075979737858,0.991454859975679,0.00940056606702674,0.601739875657096,0.294119548546244
"McnemarPValue",0.248213078989924,0.0736382701203028,1,0.0736382701203028,0.0736382701203028,0.0233422020128909,0.248745015227287
