"","Breast","CRC","GBM","Hepatobiliary","Lung","Pancreas","average"
"Accuracy",0.833333333333333,0.736842105263158,0.842105263157895,0.769230769230769,0.608695652173913,0.555555555555556,0.724293779785771
"Kappa",0.674698795180723,0.50261780104712,0.670520231213873,0.450704225352113,0.188235294117647,0.225806451612903,0.452097133087396
"AccuracyLower",0.585822508605226,0.487970654654127,0.604215448733326,0.461868460765959,0.38541895738885,0.307571658998756,0.472144614857707
"AccuracyUpper",0.964214916878425,0.908534215092333,0.966173750998235,0.949618926508848,0.802923576030986,0.7846984926127,0.896027313020254
"AccuracyNull",0.611111111111111,0.578947368421053,0.578947368421053,0.846153846153846,0.521739130434783,0.611111111111111,0.624668322608826
"AccuracyPValue",0.040229669765633,0.121434243832292,0.0147768580321714,0.873244162031645,0.266738170590883,0.76802888413761,0.347408664731706
"McnemarPValue",0.248213078989924,0.0736382701203028,1,0.248213078989924,0.00766076113517949,0.0133283287808176,0.265175586336025
