"","Breast","CRC","GBM","Hepatobiliary","Lung","Pancreas","average"
"Accuracy",0.833333333333333,0.894736842105263,1,0.923076923076923,0.91304347826087,1,0.927365096129398
"Kappa",0.658227848101266,0.791208791208791,1,0.754716981132076,0.827067669172932,1,0.838536881602511
"AccuracyLower",0.585822508605226,0.668623335543234,0.823533088193035,0.639702564732123,0.719620664090589,0.814698031862148,0.708666698837726
"AccuracyUpper",0.964214916878425,0.986987835628223,1,0.998054371502653,0.989290033962124,1,0.989757859661904
"AccuracyNull",0.611111111111111,0.578947368421053,0.578947368421053,0.846153846153846,0.521739130434783,0.611111111111111,0.624668322608826
"AccuracyPValue",0.040229669765633,0.00325405117340831,3.09131029270947e-05,0.383398461647119,7.4454797522194e-05,0.000141306858375797,0.0711881428908309
"McnemarPValue",1,0.479500122186953,NA,1,0.479500122186953,NA,NA
