"","Breast","CRC","GBM","Hepatobiliary","Lung","Pancreas","average"
"Accuracy",1,1,0.894736842105263,1,0.91304347826087,0.888888888888889,0.94944486820917
"Kappa",1,1,0.791208791208791,1,0.825757575757576,0.777777777777778,0.899124024124024
"AccuracyLower",0.814698031862148,0.823533088193035,0.668623335543234,0.752947361999529,0.719620664090589,0.652879561391328,0.738717007179977
"AccuracyUpper",1,1,0.986987835628223,1,0.989290033962124,0.986248784335636,0.993754442320997
"AccuracyNull",0.611111111111111,0.578947368421053,0.578947368421053,0.846153846153846,0.521739130434783,0.611111111111111,0.624668322608826
"AccuracyPValue",0.000141306858375797,3.09131029270947e-05,0.00325405117340831,0.11398332643563,7.4454797522194e-05,0.0105150987836006,0.0213331918585773
"McnemarPValue",NA,NA,0.479500122186953,NA,1,0.479500122186953,NA
