"","Breast","CRC","GBM","Hepatobiliary","Lung","Pancreas","average"
"Accuracy",0.944444444444444,0.894736842105263,0.789473684210526,1,0.956521739130435,1,0.930862784981778
"Kappa",0.886075949367089,0.784090909090909,0.568181818181818,1,0.91254752851711,1,0.858482700859488
"AccuracyLower",0.727056400326632,0.668623335543234,0.544346918108494,0.752947361999529,0.78051339254652,0.814698031862148,0.71469757339776
"AccuracyUpper",0.998594443832631,0.986987835628223,0.93947546229071,1,0.998899831369559,1,0.987326262186854
"AccuracyNull",0.611111111111111,0.578947368421053,0.578947368421053,0.846153846153846,0.521739130434783,0.611111111111111,0.624668322608826
"AccuracyPValue",0.00175991269068038,0.00325405117340831,0.0482977507122094,0.11398332643563,7.00636984347578e-06,0.000141306858375797,0.0279072257066912
"McnemarPValue",1,1,1,NA,1,NA,NA
