"","Breast","CRC","GBM","Hepatobiliary","Lung","Pancreas","average"
"Accuracy",0.888888888888889,0.894736842105263,0.894736842105263,0.846153846153846,0.826086956521739,1,0.891767229295833
"Kappa",0.766233766233766,0.791208791208791,0.784090909090909,0.580645161290323,0.651515151515151,1,0.76228229655649
"AccuracyLower",0.652879561391328,0.668623335543234,0.668623335543234,0.545528944323442,0.612188110045203,0.814698031862148,0.660423553118098
"AccuracyUpper",0.986248784335636,0.986987835628223,0.986987835628223,0.980793328017472,0.950492354694207,1,0.98191835638396
"AccuracyNull",0.611111111111111,0.578947368421053,0.578947368421053,0.846153846153846,0.521739130434783,0.611111111111111,0.624668322608826
"AccuracyPValue",0.0105150987836006,0.00325405117340831,0.00325405117340831,0.677305881877834,0.00249088839748405,0.000141306858375797,0.116160213044019
"McnemarPValue",1,0.479500122186953,1,0.479500122186953,1,NA,NA
