"","Breast","CRC","GBM","Hepatobiliary","Lung","Pancreas","average"
"Accuracy",0.777777777777778,0.842105263157895,0.842105263157895,0.846153846153846,0.739130434782609,0.944444444444444,0.831952838245745
"Kappa",0.576470588235294,0.691891891891892,0.670520231213873,0,0.473282442748091,0.886075949367089,0.54970685057604
"AccuracyLower",0.52362723426352,0.604215448733326,0.604215448733326,0.545528944323442,0.515948029597562,0.727056400326632,0.586765250996301
"AccuracyUpper",0.935907952282333,0.966173750998235,0.966173750998235,0.980793328017472,0.897713866084642,0.998594443832631,0.957559515368925
"AccuracyNull",0.611111111111111,0.578947368421053,0.578947368421053,0.846153846153846,0.521739130434783,0.611111111111111,0.624668322608826
"AccuracyPValue",0.111139441427301,0.0147768580321714,0.0147768580321714,0.677305881877834,0.0284021796582691,0.00175991269068038,0.141360188619738
"McnemarPValue",0.133614402537715,0.248213078989924,1,0.479500122186953,0.683091398309609,1,0.590736500337367
