"","Breast","CRC","GBM","Hepatobiliary","Lung","Pancreas","average"
"Accuracy",0.833333333333333,0.842105263157895,0.894736842105263,1,0.869565217391304,0.888888888888889,0.888104924146114
"Kappa",0.674698795180723,0.691891891891892,0.784090909090909,1,0.739622641509434,0.777777777777778,0.778013669241789
"AccuracyLower",0.585822508605226,0.604215448733326,0.668623335543234,0.752947361999529,0.664110862462879,0.652879561391328,0.654766513122587
"AccuracyUpper",0.964214916878425,0.966173750998235,0.986987835628223,1,0.972248492577207,0.986248784335636,0.979312296736288
"AccuracyNull",0.611111111111111,0.578947368421053,0.578947368421053,0.846153846153846,0.521739130434783,0.611111111111111,0.624668322608826
"AccuracyPValue",0.040229669765633,0.0147768580321714,0.00325405117340831,0.11398332643563,0.000507248875127303,0.0105150987836006,0.0305443755109284
"McnemarPValue",0.248213078989924,0.248213078989924,1,NA,1,0.479500122186953,NA
