"","Breast","CRC","GBM","Hepatobiliary","Lung","Pancreas","average"
"Accuracy",1,0.894736842105263,0.894736842105263,0.846153846153846,0.826086956521739,0.833333333333333,0.882507970036574
"Kappa",1,0.791208791208791,0.776470588235294,0,0.654135338345865,0.658227848101266,0.646673760981869
"AccuracyLower",0.814698031862148,0.668623335543234,0.668623335543234,0.545528944323442,0.612188110045203,0.585822508605226,0.649247377653748
"AccuracyUpper",1,0.986987835628223,0.986987835628223,0.980793328017472,0.950492354694207,0.964214916878425,0.978246045141092
"AccuracyNull",0.611111111111111,0.578947368421053,0.578947368421053,0.846153846153846,0.521739130434783,0.611111111111111,0.624668322608826
"AccuracyPValue",0.000141306858375797,0.00325405117340831,0.00325405117340831,0.677305881877834,0.00249088839748405,0.040229669765633,0.121112641541024
"McnemarPValue",NA,0.479500122186953,0.479500122186953,0.479500122186953,0.617075077451974,1,NA
