"","Breast","CRC","GBM","Hepatobiliary","Lung","Pancreas","average"
"Accuracy",0.833333333333333,0.894736842105263,0.894736842105263,0.846153846153846,0.826086956521739,0.944444444444444,0.873248710777315
"Kappa",0.674698795180723,0.791208791208791,0.791208791208791,0.409090909090909,0.648854961832061,0.886075949367089,0.700189699648061
"AccuracyLower",0.585822508605226,0.668623335543234,0.668623335543234,0.545528944323442,0.612188110045203,0.727056400326632,0.634640439064495
"AccuracyUpper",0.964214916878425,0.986987835628223,0.986987835628223,0.980793328017472,0.950492354694207,0.998594443832631,0.978011785779863
"AccuracyNull",0.611111111111111,0.578947368421053,0.578947368421053,0.846153846153846,0.521739130434783,0.611111111111111,0.624668322608826
"AccuracyPValue",0.040229669765633,0.00325405117340831,0.00325405117340831,0.677305881877834,0.00249088839748405,0.00175991269068038,0.121382409179741
"McnemarPValue",0.248213078989924,0.479500122186953,0.479500122186953,1,0.617075077451974,1,0.637381400135967
