"","Breast","CRC","GBM","Hepatobiliary","Lung","Pancreas","average"
"Accuracy",0.888888888888889,1,0.894736842105263,0.923076923076923,0.782608695652174,0.888888888888889,0.896366706435356
"Kappa",0.777777777777778,1,0.776470588235294,0.628571428571429,0.562737642585551,0.777777777777778,0.753889202491305
"AccuracyLower",0.652879561391328,0.823533088193035,0.668623335543234,0.639702564732123,0.562969273763186,0.652879561391328,0.666764564169039
"AccuracyUpper",0.986248784335636,1,0.986987835628223,0.998054371502653,0.925396592351196,0.986248784335636,0.980489394692224
"AccuracyNull",0.611111111111111,0.578947368421053,0.578947368421053,0.846153846153846,0.521739130434783,0.611111111111111,0.624668322608826
"AccuracyPValue",0.0105150987836006,3.09131029270947e-05,0.00325405117340831,0.383398461647119,0.00940056606702674,0.0105150987836006,0.069519031592947
"McnemarPValue",0.479500122186953,NA,0.479500122186953,1,1,0.479500122186953,NA
