"","Breast","CRC","GBM","Hepatobiliary","Lung","Pancreas","average"
"Accuracy",0.888888888888889,0.894736842105263,0.842105263157895,1,0.695652173913043,0.777777777777778,0.849860157640478
"Kappa",0.766233766233766,0.784090909090909,0.670520231213873,1,0.392452830188679,0.555555555555556,0.694808882047131
"AccuracyLower",0.652879561391328,0.668623335543234,0.604215448733326,0.752947361999529,0.470808333991493,0.52362723426352,0.612183545987072
"AccuracyUpper",0.986248784335636,0.986987835628223,0.966173750998235,1,0.8678971203019,0.935907952282333,0.957202573924388
"AccuracyNull",0.611111111111111,0.578947368421053,0.578947368421053,0.846153846153846,0.521739130434783,0.611111111111111,0.624668322608826
"AccuracyPValue",0.0105150987836006,0.00325405117340831,0.0147768580321714,0.11398332643563,0.0707033908673444,0.111139441427301,0.054062027786576
"McnemarPValue",1,1,1,NA,1,0.617075077451974,NA
