"","Breast","CRC","GBM","Hepatobiliary","Lung","Pancreas","average"
"Accuracy",0.888888888888889,0.789473684210526,0.842105263157895,0.846153846153846,0.956521739130435,0.888888888888889,0.868672051738413
"Kappa",0.753424657534246,0.595744680851064,0.691891891891892,0,0.913207547169811,0.766233766233766,0.62008375728013
"AccuracyLower",0.652879561391328,0.544346918108494,0.604215448733326,0.545528944323442,0.78051339254652,0.652879561391328,0.630060637749073
"AccuracyUpper",0.986248784335636,0.93947546229071,0.966173750998235,0.980793328017472,0.998899831369559,0.986248784335636,0.976306656891208
"AccuracyNull",0.611111111111111,0.578947368421053,0.578947368421053,0.846153846153846,0.521739130434783,0.611111111111111,0.624668322608826
"AccuracyPValue",0.0105150987836006,0.0482977507122094,0.0147768580321714,0.677305881877834,7.00636984347578e-06,0.0105150987836006,0.12690294909321
"McnemarPValue",0.479500122186953,0.133614402537715,0.248213078989924,0.479500122186953,1,1,0.556804620983591
