"","Breast","CRC","GBM","Hepatobiliary","Lung","Pancreas","average"
"Accuracy",0.944444444444444,0.947368421052632,0.842105263157895,0.923076923076923,0.869565217391304,0.888888888888889,0.902574859668681
"Kappa",0.886075949367089,0.893854748603352,0.691891891891892,0.628571428571429,0.737642585551331,0.766233766233766,0.767378395036476
"AccuracyLower",0.727056400326632,0.739719345804786,0.604215448733326,0.639702564732123,0.664110862462879,0.652879561391328,0.671280697241846
"AccuracyUpper",0.998594443832631,0.998668371195821,0.966173750998235,0.998054371502653,0.972248492577207,0.986248784335636,0.986664702407031
"AccuracyNull",0.611111111111111,0.578947368421053,0.578947368421053,0.846153846153846,0.521739130434783,0.611111111111111,0.624668322608826
"AccuracyPValue",0.00175991269068038,0.000458075979737858,0.0147768580321714,0.383398461647119,0.000507248875127303,0.0105150987836006,0.0685692760014061
"McnemarPValue",1,1,0.248213078989924,1,1,1,0.874702179831654
