"","Breast","CRC","GBM","Hepatobiliary","Lung","Pancreas","average"
"Accuracy",0.944444444444444,0.947368421052632,0.631578947368421,0.923076923076923,0.826086956521739,0.833333333333333,0.850981504299582
"Kappa",0.886075949367089,0.890173410404624,0.281081081081081,0.628571428571429,0.651515151515151,0.658227848101266,0.665940811506773
"AccuracyLower",0.727056400326632,0.739719345804786,0.383577923314405,0.639702564732123,0.612188110045203,0.585822508605226,0.614677808804729
"AccuracyUpper",0.998594443832631,0.998668371195821,0.8371141278449,0.998054371502653,0.950492354694207,0.964214916878425,0.957856430991439
"AccuracyNull",0.611111111111111,0.578947368421053,0.578947368421053,0.846153846153846,0.521739130434783,0.611111111111111,0.624668322608826
"AccuracyPValue",0.00175991269068038,0.000458075979737858,0.413174304542706,0.383398461647119,0.00249088839748405,0.040229669765633,0.140251885503893
"McnemarPValue",1,1,0.449691797968891,1,1,1,0.908281966328148
