"","Breast","CRC","GBM","Hepatobiliary","Lung","Pancreas","average"
"Accuracy",0.888888888888889,0.736842105263158,0.631578947368421,1,0.782608695652174,0.833333333333333,0.812208661750996
"Kappa",0.777777777777778,0.486486486486486,0.281081081081081,1,0.566037735849057,0.674698795180723,0.631013646062521
"AccuracyLower",0.652879561391328,0.487970654654127,0.383577923314405,0.752947361999529,0.562969273763186,0.585822508605226,0.5710278806213
"AccuracyUpper",0.986248784335636,0.908534215092333,0.8371141278449,1,0.925396592351196,0.964214916878425,0.936918106083748
"AccuracyNull",0.611111111111111,0.578947368421053,0.578947368421053,0.846153846153846,0.521739130434783,0.611111111111111,0.624668322608826
"AccuracyPValue",0.0105150987836006,0.121434243832292,0.413174304542706,0.11398332643563,0.00940056606702674,0.040229669765633,0.118122868237815
"McnemarPValue",0.479500122186953,0.371093369522698,0.449691797968891,NA,1,0.248213078989924,NA
