"","Breast","CRC","GBM","Hepatobiliary","Lung","Pancreas","average"
"Accuracy",0.888888888888889,0.789473684210526,0.789473684210526,1,0.826086956521739,1,0.882320535638613
"Kappa",0.777777777777778,0.595744680851064,0.568181818181818,1,0.648854961832061,1,0.765093206440454
"AccuracyLower",0.652879561391328,0.544346918108494,0.544346918108494,0.752947361999529,0.612188110045203,0.814698031862148,0.653567816919199
"AccuracyUpper",0.986248784335636,0.93947546229071,0.93947546229071,1,0.950492354694207,1,0.969282010601877
"AccuracyNull",0.611111111111111,0.578947368421053,0.578947368421053,0.846153846153846,0.521739130434783,0.611111111111111,0.624668322608826
"AccuracyPValue",0.0105150987836006,0.0482977507122094,0.0482977507122094,0.11398332643563,0.00249088839748405,0.000141306858375797,0.0372876869832515
"McnemarPValue",0.479500122186953,0.133614402537715,1,NA,0.617075077451974,NA,NA
