"","Breast","CRC","GBM","Hepatobiliary","Lung","Pancreas","average"
"Accuracy",0.888888888888889,0.894736842105263,0.789473684210526,0.846153846153846,0.869565217391304,0.777777777777778,0.844432709421268
"Kappa",0.777777777777778,0.791208791208791,0.552941176470588,0,0.737642585551331,0.576470588235294,0.57267348654063
"AccuracyLower",0.652879561391328,0.668623335543234,0.544346918108494,0.545528944323442,0.664110862462879,0.52362723426352,0.599852809348816
"AccuracyUpper",0.986248784335636,0.986987835628223,0.93947546229071,0.980793328017472,0.972248492577207,0.935907952282333,0.96694364252193
"AccuracyNull",0.611111111111111,0.578947368421053,0.578947368421053,0.846153846153846,0.521739130434783,0.611111111111111,0.624668322608826
"AccuracyPValue",0.0105150987836006,0.00325405117340831,0.0482977507122094,0.677305881877834,0.000507248875127303,0.111139441427301,0.141836578808247
"McnemarPValue",0.479500122186953,0.479500122186953,0.617075077451974,0.479500122186953,1,0.133614402537715,0.531531641091758
